Reference, Quantity, Value, Footprint, Datasheet, MPN, Package, Capacitance, Dielectric, MFG, Tolerance, Voltage, Power Rating, Resistance, Current, Standoff Voltage, Color, Inductance
C1 C55 ,2,"CAP_1uF_35V_X7R_0603","Pufferfish:CAP_SMD_0603","https://www.digikey.com/product-detail/en/taiyo-yuden/GMK107AB7105KAHT/587-3352-1-ND/4157239","GMK107AB7105KAHT","","1uF","X7R","Taiyo Yuden","10%","35V","","","","","",""
C11 C16 C18 C17 C40 C36 C37 ,7,"CAP_100nF_50V_X7R_0402","Pufferfish:CAP_SMD_0402","https://www.digikey.com/product-detail/en/tdk-corporation/CGA2B3X7R1H473K050BB/445-6897-6-ND/2673040","C1005X7R1H104M050BE","","100nF","X7R","TDK","20%","50V","","","","","",""
C12 C13 C24 C23 ,4,"CAP_AE_SMD_220uF_25V_8mm","Capacitor_SMD:CP_Elec_10x7.9","https://industrial.panasonic.com/cdbs/www-data/pdf/RDE0000/ABA0000C1184.pdf","EEE-FP1E221AP","","220uF","","Panasonic","20%","25V","","","","","",""
C2 C39 C50 ,3,"CAP_1nF_50V_C0G_0402","Pufferfish:CAP_SMD_0402","https://www.digikey.com/product-detail/en/murata-electronics/GRM1555C1H102JA01D/490-3244-2-ND/702509","GRM1555C1H102JA01D","","1nF","C0G","Murata","5%","50V","","","","","",""
C26 C27 C25 C29 C30 C28 C32 C33 C31 C43 C44 C42 C53 C54 C52 C47 C49 C46 ,18,"CAP_22uF_25V_X5R_0805","Pufferfish:CAP_SMD_0805","https://www.digikey.com/product-detail/en/samsung-electro-mechanics/CL21A226MAQNNNE/1276-2908-6-ND/3893423","CL21A226MAQNNNE","","22uF","X5R","SEMCO","10%","25V","","","","","",""
C3 C41 C51 ,3,"CAP_100pF_10V_NP0_0402","Pufferfish:CAP_SMD_0402","https://www.digikey.com/product-detail/en/kemet/C0402C101K8GAC7867/399-14413-6-ND/7104044","C0402C101K8GAC7867","","100pF","NP0","KEMET","10%","10V","","","","","",""
C35 ,1,"CAP_4.7uF_16V_X6S_0603","Pufferfish:CAP_SMD_0603","https://www.digikey.com/product-detail/en/tdk-corporation/C1608X6S1C475K080AC/445-9118-6-ND/3661675","C1608X6S1C475K080AC","","1uF","X6S","TDK","10%","16V","","","","","",""
C4 C5 ,2,"CAP_33nF_25V_X7R_0603","Pufferfish:CAP_SMD_0603","https://www.digikey.com/product-detail/en/murata-electronics/GRM1555C1H102JA01D/490-3244-2-ND/702509","C0603C333K3RACTU","","33nF","X7R","Kemet","10%","25V","","","","","",""
C45 ,1,"CAP_AE_SMD_100uF_10V_6mm","Capacitor_SMD:CP_Elec_6.3x5.4","https://www.digikey.com/product-detail/en/panasonic-electronic-components/EEE-HA1A101WP/PCE4169DKR-ND/1023519","EEE-HA1A101WP","","100uF","","Panasonic","20%","10V","","","","","",""
C48 ,1,"CAP_3.3nF_50V_X7R_0402","Pufferfish:CAP_SMD_0402","https://www.digikey.com/product-detail/en/murata-electronics/GRM1555C1H102JA01D/490-3244-2-ND/702509","CL05B332KB5NNNC","","3.3nF","X7R","SEMCO","10%","50V","","","","","",""
C7 C10 C38 ,3,"CAP_47nF_50V_X7R_0402","Pufferfish:CAP_SMD_0402","https://www.digikey.com/product-detail/en/tdk-corporation/CGA2B3X7R1H473K050BB/445-6897-6-ND/2673040","CGA2B3X7R1H473K050BB","","47nF","X7R","TDK","10%","50V","","","","","",""
C8 C6 C9 C14 C15 C20 C22 C19 C21 C34 ,10,"CAP_10uF_35V_X5R_0805","Pufferfish:CAP_SMD_0805","https://www.digikey.com/product-detail/en/taiyo-yuden/GMK107AB7105KAHT/587-3352-1-ND/4157239","C2012X5R1V106K085AC","","10uF","X5R","TDK","10%","35V","","","","","",""
D10 D9 ,2,"LED_SMD_0603_GREEN","LED_SMD:LED_0603_1608Metric","https://www.digikey.com/product-detail/en/lumex-opto-components-inc/SML-LX0603GW-TR/67-1549-1-ND/304360","SML-LX0603GW-TR","","","","Lumex","","","","","","","Green",""
D12 D11 ,2,"LED_SMD_0603_BLUE","LED_SMD:LED_0603_1608Metric","https://www.digikey.com/product-detail/en/osram-opto-semiconductors-inc/LB-Q39G-L2OO-35-1/475-2816-6-ND/2176386","LB Q39G-L2OO-35-1","","","","Osram","","","","","","","Blue",""
D15 D13 ,2,"ESDLC5V0PB8","Package_DFN_QFN:UDFN-9_1.0x3.8mm_P0.5mm","https://www.mccsemi.com/pdf/Products/ESDLC5V0PB8(DFN3810-9)-A.pdf"
D2 D1 D14 ,3,"TVS_15V_SOD123FL-2","Diode_SMD:D_SOD-123F","https://www.mouser.com/datasheet/2/240/Littelfuse_TVS_Diode_SMF_Datasheet.pdf-1698977.pdf","SMF15CA","","","","Littlefuse","","","","","","15V","",""
D3 D4 ,2,"LED_SMD_0603_YELLOW","LED_SMD:LED_0603_1608Metric","https://www.digikey.com/product-detail/en/lite-on-inc/LTST-C191KSKT/160-1448-1-ND/386838","LTST-C191KSKT","","","","Lite-On","","","","","","","Yellow",""
D5 D6 ,2,"LED_SMD_0603_ORANGE","LED_SMD:LED_0603_1608Metric","https://www.digikey.com/product-detail/en/osram-opto-semiconductors-inc/LO-Q976-PS-25-0-20-R18/475-2486-1-ND/1802613","LO Q976-PS-25-0-20-R18","","","","Osram","","","","","","","Orange",""
D7 D8 ,2,"LED_SMD_0603_RED","LED_SMD:LED_0603_1608Metric","https://www.digikey.com/product-detail/en/osram-opto-semiconductors-inc/LS-Q976-NR-1/475-2512-6-ND/1802773","LS Q976-NR-1","","","","Osram","","","","","","","Red",""
FID1 FID4 FID2 FID5 FID3 FID6 ,6,"Fiducial","Fiducial:Fiducial_1mm_Mask2mm","~"
H1 H3 ,2,"STANDOFF_ELECTRICAL","MountingHole:MountingHole_3.2mm_M3_Pad_Via",""
H2 H4 H5 H6 ,4,"STANDOFF_ELECTRICAL","MountingHole:MountingHole_3mm_Pad_Via",""
J2 J1 ,2,"POWER_JACK_PTH","Pufferfish:POWER_JACK_PTH",""
J3 ,1,"Molex_PicoFlex_20_Vertical","Connector_Molex:Molex_Picoflex_90325-0020_2x10_P1.27mm_Vertical","https://www.digikey.com/product-detail/en/molex/0903250020/WM9242-ND/404187","0903250020","","","","Molex","","","","","","","",""
J4 ,1,"Molex_MicroFit3_2x4_Receptacle","Connector_Molex:Molex_Micro-Fit_3.0_43045-0800_2x04_P3.00mm_Horizontal","https://www.molex.com/pdm_docs/sd/444280401_sd.pdf","0444280801","","","","Molex","","","","","","","",""
J5 J6 ,2,"Molex_MicroFit_2P","Connector_Molex:Molex_Micro-Fit_3.0_43045-0200_2x01_P3.00mm_Horizontal","https://www.digikey.com/product-detail/en/molex/0430450200/WM1813-ND/252526","0430450200","","","","Molex","","","","","","","",""
L1 ,1,"PM2201.122NLT","Pufferfish:L_Pulse_PA5001","https://products.pulseelex.com/files/product_files/P806.pdf","PM2201.122NLT","","","","Pulse Electronics","","","","","9A","","","1.2uH"
Q1 Q2 Q3 Q4 ,4,"SiR158DP","Package_SO:Vishay_PowerPAK_1212-8_Single","http://www.vishay.com/docs/64730/sir158dp.pdf","SIR158DP-T1-GE3","","","","Vishay","","30V","","","30A","","",""
Q5 Q10 Q9 Q11 Q12 Q13 ,6,"2N7002E","Package_TO_SOT_SMD:SOT-23","http://www.diodes.com/assets/Datasheets/ds30376.pdf"
Q7 Q6 ,2,"SiSS27DN","Package_SO:Vishay_PowerPAK_1212-8_Single","http://www.vishay.com/docs/62847/siss27dn.pdf"
Q8 Q14 Q16 Q18 Q19 Q17 Q15 ,7,"TP0610T","Package_TO_SOT_SMD:SOT-23","http://www.vishay.com/docs/70209/70209.pdf"
R10 R5 R43 R30 ,4,"RES_47K_0603_SMD","Pufferfish:RES_SMD_0603","https://www.digikey.com/product-detail/en/yageo/RC0603JR-0747KL/311-47KGRDKR-ND/732688","RC0603JR-0747KL","0603","","","Yageo","1%","","","47kΩ","","","",""
R11 ,1,"CSNL1206FT3L00","Pufferfish:RES_SMD_1206","https://www.seielect.com/catalog/sei-csnl.pdf","CSNL1206FT3L00","","","","Stackpole","1%","","1W","3mΩ","","","",""
R12 R13 ,2,"RES_1R2_0805_SMD","Pufferfish:RES_SMD_0805","https://www.digikey.com/product-detail/en/panasonic-electronic-components/ERJ-6GEYJ1R2V/P1-2ADKR-ND/577832","ERJ-6GEYJ1R2V","0805","","","Panasonic","5%","","","1.2Ω","","","",""
R14 R15 R16 R17 R18 R19 R32 ,7,"RES_0R_0402_SMD","Pufferfish:RES_SMD_0402","https://www.digikey.com/product-detail/en/yageo/RC0402JR-070RL/311-0-0JRDKR-ND/732300","RC0402JR-070RL","0402","","","Yageo","Jumper","","","0Ω","","","",""
R24 R25 R53 R54 R60 R58 R55 R59 R57 R56 ,10,"RES_330R_0603_SMD","Pufferfish:RES_SMD_0603","https://www.digikey.com/product-detail/en/panasonic-electronic-components/ERJ-3GEYJ103V/P10KGTR-ND/135662","ESR03EZPJ331","0603","","","Rohm","5%","","","330R","","","",""
R27 ,1,"RES_100K_0603_SMD","Pufferfish:RES_SMD_0603","https://www.digikey.com/product-detail/en/yageo/RC0603FR-07100KL/311-100KHRDKR-ND/732783","RC0603FR-07100KL","0603","","","Yageo","1%","","","100kΩ","","","",""
R28 ,1,"RES_62K_0402_SMD","Pufferfish:RES_SMD_0402","https://www.digikey.com/product-detail/en/yageo/RC0402FR-0762KL/311-62-0KLRDKR-ND/732539","RC0402FR-0762KL","0402","","","Yageo","1%","","","62kΩ","","","",""
R29 ,1,"RES_51K_0402_SMD","Pufferfish:RES_SMD_0402","https://www.digikey.com/product-detail/en/panasonic-electronic-components/ERJ-2RKF5102X/P51-0KLDKR-ND/1747059","ERJ-2RKF5102X","0402","","","Panasonic","1%","","","51kΩ","","","",""
R35 R36 ,2,"RES_73K2_0603_SMD","Pufferfish:RES_SMD_0603","https://www.digikey.com/product-detail/en/yageo/RC0603FR-0773K2L/311-73-2KHRDKR-ND/733268","RC0603FR-0773K2L","0603","","","Yageo","1%","","","73.2kΩ","","","",""
R39 ,1,"RES_31K6_0603_SMD","Pufferfish:RES_SMD_0603","https://www.digikey.com/product-detail/en/panasonic-electronic-components/ERJ-3EKF3162V/P31-6KHDKR-ND/576164","ERJ-3EKF3162V","0603","","","Panasonic","1%","","","31.6kΩ","","","",""
R6 R1 ,2,"RES_768K_0603_SMD","Pufferfish:RES_SMD_0603","https://www.digikey.com/product-detail/en/yageo/RC0603FR-07768KL/311-768KHRTR-ND/727384","RC0603FR-07768KL","0603","","","Yageo","1%","","","768kΩ","","","",""
R7 R2 ,2,"RES_24K9_0603_SMD","Pufferfish:RES_SMD_0603","https://www.yageo.com/upload/media/product/productsearch/datasheet/rchip/PYu-RC_Group_51_RoHS_L_10.pdf","RC0603FR-0724K9L","0603","","","Yageo","1%","","","24.9kΩ","","","",""
R8 R3 ,2,"RES_750K_0603_SMD","Pufferfish:RES_SMD_0603","https://www.digikey.com/product-detail/en/yageo/RC0603FR-07750KL/311-750KHRDKR-ND/733274","RC0603FR-07750KL","0603","","","Yageo","1%","","","750kΩ","","","",""
R9 R4 R23 R22 R20 R21 R26 R47 R48 R49 R50 R51 R52 R46 R45 R41 R42 R44 R33 R31 R34 R40 R37 R38 ,24,"RES_10K_0603_SMD","Pufferfish:RES_SMD_0603","https://www.digikey.com/product-detail/en/panasonic-electronic-components/ERJ-3GEYJ103V/P10KGTR-ND/135662","ERJ-3GEYJ103V","0603","","","Panasonic","1%","","","10kΩ","","","",""
TP1 TP2 TP3 TP5 TP6 ,5,"TP_TH_KEYSTONE_5010","TestPoint:TestPoint_Keystone_5010-5014_Multipurpose","https://www.digikey.com/product-detail/en/keystone-electronics/5010/36-5010-ND/255332","5010","","","","Keystone Electronics","","","","","","","",""
TP4 TP14 TP13 TP12 TP10 TP11 TP9 ,7,"TP_TH_KEYSTONE_5126","TestPoint:TestPoint_Keystone_5010-5014_Multipurpose","https://www.digikey.com/product-detail/en/keystone-electronics/5126/36-5126-ND/2170329","5126","","","","Keystone Electronics","","","","","","","",""
TP8 TP7 ,2,"TP_SMT_KEYSTONE_5019","Pufferfish:TP380X203","https://www.digikey.com/product-detail/en/keystone-electronics/5019/36-5019DKR-ND/3907345","5019","","","","Keystone Electronics","","","","","","","",""
U1 ,1,"LTC4421IUHE","Package_DFN_QFN:QFN-36-1EP_5x6mm_P0.5mm_EP3.6x4.6mm","https://www.analog.com/media/en/technical-documentation/data-sheets/LTC4421.pdf","LTC4421IUHE#TRPBF","QFN-36-EP","","","","","","","","","","",""
U2 ,1,"TPS568215RNN","Package_DFN_QFN:Texas_RNN0018A","http://www.ti.com/lit/ds/symlink/tps568215.pdf"
U3 ,1,"TPS82130","Package_LGA:Texas_SIL0008D_MicroSiP-8-1EP_2.8x3mm_P0.65mm_EP1.1x1.9mm_ThermalVias","http://www.ti.com/lit/ds/symlink/tps82130.pdf"